8,0,3.048,71.3,2.66337,126.201
10,0,3.048,71.3,2.66337,125.201
12.5,0,3.048,71.3,2.66337,125.951
16,0,3.048,71.3,2.66337,127.591
20,0,3.048,71.3,2.66337,127.461
25,0,3.048,71.3,2.66337,125.571
31.5,0,3.048,71.3,2.66337,125.201
40,0,3.048,71.3,2.66337,123.061
50,0,3.048,71.3,2.66337,121.301
63,0,3.048,71.3,2.66337,119.541
80,0,3.048,71.3,2.66337,117.151
100,0,3.048,71.3,2.66337,115.391
125,0,3.048,71.3,2.66337,112.241
160,0,3.048,71.3,2.66337,108.721
5,0,3.048,55.5,2.83081,126.416
6.3,0,3.048,55.5,2.83081,127.696
8,0,3.048,55.5,2.83081,128.086
10,0,3.048,55.5,2.83081,126.966
12.5,0,3.048,55.5,2.83081,126.086
16,0,3.048,55.5,2.83081,126.986
20,0,3.048,55.5,2.83081,126.616
25,0,3.048,55.5,2.83081,124.106
31.5,0,3.048,55.5,2.83081,123.236
40,0,3.048,55.5,2.83081,121.106
50,0,3.048,55.5,2.83081,119.606
63,0,3.048,55.5,2.83081,117.976
80,0,3.048,55.5,2.83081,116.476
100,0,3.048,55.5,2.83081,113.076
125,0,3.048,55.5,2.83081,111.076
2,0,3.048,39.6,3.10138,118.129
2.5,0,3.048,39.6,3.10138,119.319
3.15,0,3.048,39.6,3.10138,122.779
4,0,3.048,39.6,3.10138,124.809
5,0,3.048,39.6,3.10138,126.959
6.3,0,3.048,39.6,3.10138,128.629
8,0,3.048,39.6,3.10138,129.099
10,0,3.048,39.6,3.10138,127.899
12.5,0,3.048,39.6,3.10138,125.499
16,0,3.048,39.6,3.10138,124.049
20,0,3.048,39.6,3.10138,123.689
25,0,3.048,39.6,3.10138,121.399
31.5,0,3.048,39.6,3.10138,120.319
40,0,3.048,39.6,3.10138,119.229
50,0,3.048,39.6,3.10138,117.789
63,0,3.048,39.6,3.10138,116.229
80,0,3.048,39.6,3.10138,114.779
100,0,3.048,39.6,3.10138,112.139
125,0,3.048,39.6,3.10138,109.619
2,0,3.048,31.7,3.31266,117.195
2.5,0,3.048,31.7,3.31266,118.595
3.15,0,3.048,31.7,3.31266,122.765
4,0,3.048,31.7,3.31266,125.045
5,0,3.048,31.7,3.31266,127.315
6.3,0,3.048,31.7,3.31266,129.095
8,0,3.048,31.7,3.31266,129.235
10,0,3.048,31.7,3.31266,127.365
12.5,0,3.048,31.7,3.31266,124.355
16,0,3.048,31.7,3.31266,122.365
20,0,3.048,31.7,3.31266,122.375
25,0,3.048,31.7,3.31266,120.755
31.5,0,3.048,31.7,3.31266,119.135
40,0,3.048,31.7,3.31266,118.145
50,0,3.048,31.7,3.31266,115.645
63,0,3.048,31.7,3.31266,113.775
80,0,3.048,31.7,3.31266,110.515
100,0,3.048,31.7,3.31266,108.265
8,1.5,3.048,71.3,3.36729,127.122
10,1.5,3.048,71.3,3.36729,125.992
12.5,1.5,3.048,71.3,3.36729,125.872
16,1.5,3.048,71.3,3.36729,126.632
20,1.5,3.048,71.3,3.36729,126.642
25,1.5,3.048,71.3,3.36729,124.512
31.5,1.5,3.048,71.3,3.36729,123.392
40,1.5,3.048,71.3,3.36729,121.762
50,1.5,3.048,71.3,3.36729,119.632
63,1.5,3.048,71.3,3.36729,118.122
80,1.5,3.048,71.3,3.36729,115.372
100,1.5,3.048,71.3,3.36729,113.492
125,1.5,3.048,71.3,3.36729,109.222
160,1.5,3.048,71.3,3.36729,106.582
3.15,1.5,3.048,39.6,3.92107,121.851
4,1.5,3.048,39.6,3.92107,124.001
5,1.5,3.048,39.6,3.92107,126.661
6.3,1.5,3.048,39.6,3.92107,128.311
8,1.5,3.048,39.6,3.92107,128.831
10,1.5,3.048,39.6,3.92107,127.581
12.5,1.5,3.048,39.6,3.92107,125.211
16,1.5,3.048,39.6,3.92107,122.211
20,1.5,3.048,39.6,3.92107,122.101
25,1.5,3.048,39.6,3.92107,120.981
31.5,1.5,3.048,39.6,3.92107,119.111
40,1.5,3.048,39.6,3.92107,117.741
50,1.5,3.048,39.6,3.92107,116.241
63,1.5,3.048,39.6,3.92107,114.751
80,1.5,3.048,39.6,3.92107,112.251
100,1.5,3.048,39.6,3.92107,108.991
125,1.5,3.048,39.6,3.92107,106.111
4,3,3.048,71.3,4.25727,127.564
5,3,3.048,71.3,4.25727,128.454
6.3,3,3.048,71.3,4.25727,129.354
8,3,3.048,71.3,4.25727,129.494
10,3,3.048,71.3,4.25727,129.004
12.5,3,3.048,71.3,4.25727,127.634
16,3,3.048,71.3,4.25727,126.514
20,3,3.048,71.3,4.25727,125.524
25,3,3.048,71.3,4.25727,124.024
31.5,3,3.048,71.3,4.25727,121.514
40,3,3.048,71.3,4.25727,120.264
50,3,3.048,71.3,4.25727,118.134
63,3,3.048,71.3,4.25727,116.134
80,3,3.048,71.3,4.25727,114.634
100,3,3.048,71.3,4.25727,110.224
4,3,3.048,55.5,4.52492,126.159
5,3,3.048,55.5,4.52492,128.179
6.3,3,3.048,55.5,4.52492,129.569
8,3,3.048,55.5,4.52492,129.949
10,3,3.048,55.5,4.52492,129.329
12.5,3,3.048,55.5,4.52492,127.329
16,3,3.048,55.5,4.52492,124.439
20,3,3.048,55.5,4.52492,123.069
25,3,3.048,55.5,4.52492,122.439
31.5,3,3.048,55.5,4.52492,120.189
40,3,3.048,55.5,4.52492,118.689
50,3,3.048,55.5,4.52492,117.309
63,3,3.048,55.5,4.52492,115.679
80,3,3.048,55.5,4.52492,113.799
100,3,3.048,55.5,4.52492,112.169
3.15,3,3.048,39.6,4.95741,123.312
4,3,3.048,39.6,4.95741,125.472
5,3,3.048,39.6,4.95741,127.632
6.3,3,3.048,39.6,4.95741,129.292
8,3,3.048,39.6,4.95741,129.552
10,3,3.048,39.6,4.95741,128.312
12.5,3,3.048,39.6,4.95741,125.802
16,3,3.048,39.6,4.95741,122.782
20,3,3.048,39.6,4.95741,120.532
25,3,3.048,39.6,4.95741,120.162
31.5,3,3.048,39.6,4.95741,118.922
40,3,3.048,39.6,4.95741,116.792
50,3,3.048,39.6,4.95741,115.792
63,3,3.048,39.6,4.95741,114.042
80,3,3.048,39.6,4.95741,110.652
3.15,3,3.048,31.7,5.29514,123.118
4,3,3.048,31.7,5.29514,125.398
5,3,3.048,31.7,5.29514,127.548
6.3,3,3.048,31.7,5.29514,128.698
8,3,3.048,31.7,5.29514,128.708
10,3,3.048,31.7,5.29514,126.838
12.5,3,3.048,31.7,5.29514,124.838
16,3,3.048,31.7,5.29514,122.088
20,3,3.048,31.7,5.29514,120.088
25,3,3.048,31.7,5.29514,119.598
31.5,3,3.048,31.7,5.29514,118.108
40,3,3.048,31.7,5.29514,115.608
50,3,3.048,31.7,5.29514,113.858
63,3,3.048,31.7,5.29514,109.718
2.5,4,3.048,71.3,4.97773,126.395
3.15,4,3.048,71.3,4.97773,128.175
4,4,3.048,71.3,4.97773,129.575
5,4,3.048,71.3,4.97773,130.715
6.3,4,3.048,71.3,4.97773,131.615
8,4,3.048,71.3,4.97773,131.755
10,4,3.048,71.3,4.97773,131.015
12.5,4,3.048,71.3,4.97773,129.395
16,4,3.048,71.3,4.97773,126.645
20,4,3.048,71.3,4.97773,124.395
25,4,3.048,71.3,4.97773,123.775
31.5,4,3.048,71.3,4.97773,121.775
40,4,3.048,71.3,4.97773,119.535
50,4,3.048,71.3,4.97773,117.785
63,4,3.048,71.3,4.97773,116.165
80,4,3.048,71.3,4.97773,113.665
100,4,3.048,71.3,4.97773,110.905
125,4,3.048,71.3,4.97773,107.405
2.5,4,3.048,39.6,5.79636,123.543
3.15,4,3.048,39.6,5.79636,126.843
4,4,3.048,39.6,5.79636,128.633
5,4,3.048,39.6,5.79636,130.173
6.3,4,3.048,39.6,5.79636,131.073
8,4,3.048,39.6,5.79636,130.723
10,4,3.048,39.6,5.79636,128.723
12.5,4,3.048,39.6,5.79636,126.343
16,4,3.048,39.6,5.79636,123.213
20,4,3.048,39.6,5.79636,120.963
25,4,3.048,39.6,5.79636,120.233
31.5,4,3.048,39.6,5.79636,118.743
40,4,3.048,39.6,5.79636,115.863
50,4,3.048,39.6,5.79636,113.733
12.5,0,2.286,71.3,2.14345,128.144
16,0,2.286,71.3,2.14345,129.134
20,0,2.286,71.3,2.14345,128.244
25,0,2.286,71.3,2.14345,128.354
31.5,0,2.286,71.3,2.14345,127.834
40,0,2.286,71.3,2.14345,125.824
50,0,2.286,71.3,2.14345,124.304
63,0,2.286,71.3,2.14345,122.044
80,0,2.286,71.3,2.14345,118.024
100,0,2.286,71.3,2.14345,118.134
125,0,2.286,71.3,2.14345,117.624
160,0,2.286,71.3,2.14345,114.984
200,0,2.286,71.3,2.14345,114.474
3.15,0,2.286,55.5,2.29336,119.54
4,0,2.286,55.5,2.29336,121.66
5,0,2.286,55.5,2.29336,123.78
6.3,0,2.286,55.5,2.29336,126.16
8,0,2.286,55.5,2.29336,127.53
10,0,2.286,55.5,2.29336,128.29
12.5,0,2.286,55.5,2.29336,127.91
16,0,2.286,55.5,2.29336,126.79
20,0,2.286,55.5,2.29336,126.54
25,0,2.286,55.5,2.29336,126.54
31.5,0,2.286,55.5,2.29336,125.16
40,0,2.286,55.5,2.29336,123.41
50,0,2.286,55.5,2.29336,122.41
63,0,2.286,55.5,2.29336,118.41
3.15,0,2.286,39.6,2.53511,121.055
4,0,2.286,39.6,2.53511,123.565
5,0,2.286,39.6,2.53511,126.195
6.3,0,2.286,39.6,2.53511,128.705
8,0,2.286,39.6,2.53511,130.205
10,0,2.286,39.6,2.53511,130.435
12.5,0,2.286,39.6,2.53511,129.395
16,0,2.286,39.6,2.53511,127.095
20,0,2.286,39.6,2.53511,125.305
25,0,2.286,39.6,2.53511,125.025
31.5,0,2.286,39.6,2.53511,124.625
40,0,2.286,39.6,2.53511,123.465
50,0,2.286,39.6,2.53511,122.175
63,0,2.286,39.6,2.53511,117.465
3.15,0,2.286,31.7,2.7238,120.595
4,0,2.286,31.7,2.7238,123.635
5,0,2.286,31.7,2.7238,126.675
6.3,0,2.286,31.7,2.7238,129.465
8,0,2.286,31.7,2.7238,130.725
10,0,2.286,31.7,2.7238,130.595
12.5,0,2.286,31.7,2.7238,128.805
16,0,2.286,31.7,2.7238,125.625
20,0,2.286,31.7,2.7238,123.455
25,0,2.286,31.7,2.7238,123.445
31.5,0,2.286,31.7,2.7238,123.445
40,0,2.286,31.7,2.7238,122.035
50,0,2.286,31.7,2.7238,120.505
63,0,2.286,31.7,2.7238,116.815
4,2,2.286,71.3,2.93031,125.116
5,2,2.286,71.3,2.93031,126.486
6.3,2,2.286,71.3,2.93031,127.356
8,2,2.286,71.3,2.93031,128.216
10,2,2.286,71.3,2.93031,128.956
12.5,2,2.286,71.3,2.93031,128.816
16,2,2.286,71.3,2.93031,127.796
20,2,2.286,71.3,2.93031,126.896
25,2,2.286,71.3,2.93031,127.006
31.5,2,2.286,71.3,2.93031,126.116
40,2,2.286,71.3,2.93031,124.086
50,2,2.286,71.3,2.93031,122.816
63,2,2.286,71.3,2.93031,120.786
80,2,2.286,71.3,2.93031,115.996
100,2,2.286,71.3,2.93031,113.086
4,2,2.286,55.5,3.13525,122.292
5,2,2.286,55.5,3.13525,124.692
6.3,2,2.286,55.5,3.13525,126.842
8,2,2.286,55.5,3.13525,128.492
10,2,2.286,55.5,3.13525,129.002
12.5,2,2.286,55.5,3.13525,128.762
16,2,2.286,55.5,3.13525,126.752
20,2,2.286,55.5,3.13525,124.612
25,2,2.286,55.5,3.13525,123.862
31.5,2,2.286,55.5,3.13525,123.742
40,2,2.286,55.5,3.13525,122.232
50,2,2.286,55.5,3.13525,120.472
63,2,2.286,55.5,3.13525,118.712
3.15,2,2.286,39.6,3.46574,120.137
4,2,2.286,39.6,3.46574,122.147
5,2,2.286,39.6,3.46574,125.157
6.3,2,2.286,39.6,3.46574,127.417
8,2,2.286,39.6,3.46574,129.037
10,2,2.286,39.6,3.46574,129.147
12.5,2,2.286,39.6,3.46574,128.257
16,2,2.286,39.6,3.46574,125.837
20,2,2.286,39.6,3.46574,122.797
25,2,2.286,39.6,3.46574,121.397
31.5,2,2.286,39.6,3.46574,121.627
40,2,2.286,39.6,3.46574,120.227
50,2,2.286,39.6,3.46574,118.827
63,2,2.286,39.6,3.46574,116.417
3.15,2,2.286,31.7,3.72371,120.147
4,2,2.286,31.7,3.72371,123.417
5,2,2.286,31.7,3.72371,126.677
6.3,2,2.286,31.7,3.72371,129.057
8,2,2.286,31.7,3.72371,130.307
10,2,2.286,31.7,3.72371,130.307
12.5,2,2.286,31.7,3.72371,128.677
16,2,2.286,31.7,3.72371,125.797
20,2,2.286,31.7,3.72371,123.037
25,2,2.286,31.7,3.72371,121.407
31.5,2,2.286,31.7,3.72371,121.527
40,2,2.286,31.7,3.72371,120.527
50,2,2.286,31.7,3.72371,118.267
63,2,2.286,31.7,3.72371,115.137
5,4,2.286,71.3,4.00603,126.758
6.3,4,2.286,71.3,4.00603,129.038
8,4,2.286,71.3,4.00603,130.688
10,4,2.286,71.3,4.00603,131.708
12.5,4,2.286,71.3,4.00603,131.718
16,4,2.286,71.3,4.00603,129.468
20,4,2.286,71.3,4.00603,126.218
25,4,2.286,71.3,4.00603,124.338
31.5,4,2.286,71.3,4.00603,124.108
40,4,2.286,71.3,4.00603,121.728
50,4,2.286,71.3,4.00603,121.118
63,4,2.286,71.3,4.00603,118.618
80,4,2.286,71.3,4.00603,112.848
100,4,2.286,71.3,4.00603,113.108
125,4,2.286,71.3,4.00603,114.258
160,4,2.286,71.3,4.00603,112.768
200,4,2.286,71.3,4.00603,109.638
4,4,2.286,55.5,4.2862,123.274
5,4,2.286,55.5,4.2862,127.314
6.3,4,2.286,55.5,4.2862,129.964
8,4,2.286,55.5,4.2862,131.864
10,4,2.286,55.5,4.2862,132.134
12.5,4,2.286,55.5,4.2862,131.264
16,4,2.286,55.5,4.2862,128.264
20,4,2.286,55.5,4.2862,124.254
25,4,2.286,55.5,4.2862,122.384
31.5,4,2.286,55.5,4.2862,122.394
40,4,2.286,55.5,4.2862,120.654
50,4,2.286,55.5,4.2862,120.034
63,4,2.286,55.5,4.2862,117.154
80,4,2.286,55.5,4.2862,112.524
3.15,4,2.286,39.6,4.73801,122.229
4,4,2.286,39.6,4.73801,123.879
5,4,2.286,39.6,4.73801,127.039
6.3,4,2.286,39.6,4.73801,129.579
8,4,2.286,39.6,4.73801,130.469
10,4,2.286,39.6,4.73801,129.969
12.5,4,2.286,39.6,4.73801,128.339
16,4,2.286,39.6,4.73801,125.319
20,4,2.286,39.6,4.73801,121.659
25,4,2.286,39.6,4.73801,119.649
31.5,4,2.286,39.6,4.73801,120.419
40,4,2.286,39.6,4.73801,119.159
50,4,2.286,39.6,4.73801,117.649
63,4,2.286,39.6,4.73801,114.249
80,4,2.286,39.6,4.73801,113.129
2.5,4,2.286,31.7,5.09068,120.189
3.15,4,2.286,31.7,5.09068,123.609
4,4,2.286,31.7,5.09068,126.149
5,4,2.286,31.7,5.09068,128.939
6.3,4,2.286,31.7,5.09068,130.349
8,4,2.286,31.7,5.09068,130.869
10,4,2.286,31.7,5.09068,129.869
12.5,4,2.286,31.7,5.09068,128.119
16,4,2.286,31.7,5.09068,125.229
20,4,2.286,31.7,5.09068,122.089
25,4,2.286,31.7,5.09068,120.209
31.5,4,2.286,31.7,5.09068,120.229
40,4,2.286,31.7,5.09068,118.859
50,4,2.286,31.7,5.09068,115.969
63,4,2.286,31.7,5.09068,112.699
4,5.3,2.286,71.3,5.1942,127.7
5,5.3,2.286,71.3,5.1942,129.88
6.3,5.3,2.286,71.3,5.1942,131.8
8,5.3,2.286,71.3,5.1942,133.48
10,5.3,2.286,71.3,5.1942,134
12.5,5.3,2.286,71.3,5.1942,133.38
16,5.3,2.286,71.3,5.1942,130.46
20,5.3,2.286,71.3,5.1942,125.89
25,5.3,2.286,71.3,5.1942,123.74
31.5,5.3,2.286,71.3,5.1942,123.12
40,5.3,2.286,71.3,5.1942,120.33
50,5.3,2.286,71.3,5.1942,118.05
63,5.3,2.286,71.3,5.1942,116.92
80,5.3,2.286,71.3,5.1942,114.9
100,5.3,2.286,71.3,5.1942,111.35
2.5,5.3,2.286,39.6,6.14329,127.011
3.15,5.3,2.286,39.6,6.14329,129.691
4,5.3,2.286,39.6,6.14329,131.221
5,5.3,2.286,39.6,6.14329,132.251
6.3,5.3,2.286,39.6,6.14329,132.011
8,5.3,2.286,39.6,6.14329,129.491
10,5.3,2.286,39.6,6.14329,125.581
12.5,5.3,2.286,39.6,6.14329,125.721
16,5.3,2.286,39.6,6.14329,123.081
20,5.3,2.286,39.6,6.14329,117.911
25,5.3,2.286,39.6,6.14329,116.151
31.5,5.3,2.286,39.6,6.14329,118.441
40,5.3,2.286,39.6,6.14329,115.801
50,5.3,2.286,39.6,6.14329,115.311
63,5.3,2.286,39.6,6.14329,112.541
2,7.3,2.286,71.3,10.4404,138.758
2.5,7.3,2.286,71.3,10.4404,139.918
3.15,7.3,2.286,71.3,10.4404,139.808
4,7.3,2.286,71.3,10.4404,139.438
5,7.3,2.286,71.3,10.4404,136.798
6.3,7.3,2.286,71.3,10.4404,133.768
8,7.3,2.286,71.3,10.4404,130.748
10,7.3,2.286,71.3,10.4404,126.838
12.5,7.3,2.286,71.3,10.4404,127.358
16,7.3,2.286,71.3,10.4404,125.728
20,7.3,2.286,71.3,10.4404,122.708
25,7.3,2.286,71.3,10.4404,122.088
31.5,7.3,2.286,71.3,10.4404,120.458
40,7.3,2.286,71.3,10.4404,119.208
50,7.3,2.286,71.3,10.4404,115.298
63,7.3,2.286,71.3,10.4404,115.818
2,7.3,2.286,55.5,11.1706,135.234
2.5,7.3,2.286,55.5,11.1706,136.384
3.15,7.3,2.286,55.5,11.1706,136.284
4,7.3,2.286,55.5,11.1706,135.924
5,7.3,2.286,55.5,11.1706,133.174
6.3,7.3,2.286,55.5,11.1706,130.934
8,7.3,2.286,55.5,11.1706,128.444
10,7.3,2.286,55.5,11.1706,125.194
12.5,7.3,2.286,55.5,11.1706,125.724
16,7.3,2.286,55.5,11.1706,123.354
20,7.3,2.286,55.5,11.1706,120.354
25,7.3,2.286,55.5,11.1706,118.994
31.5,7.3,2.286,55.5,11.1706,117.134
40,7.3,2.286,55.5,11.1706,117.284
50,7.3,2.286,55.5,11.1706,113.144
63,7.3,2.286,55.5,11.1706,111.534
2,7.3,2.286,39.6,12.3481,130.989
2.5,7.3,2.286,39.6,12.3481,131.889
3.15,7.3,2.286,39.6,12.3481,132.149
4,7.3,2.286,39.6,12.3481,132.039
5,7.3,2.286,39.6,12.3481,130.299
6.3,7.3,2.286,39.6,12.3481,128.929
8,7.3,2.286,39.6,12.3481,126.299
10,7.3,2.286,39.6,12.3481,122.539
12.5,7.3,2.286,39.6,12.3481,123.189
16,7.3,2.286,39.6,12.3481,121.059
20,7.3,2.286,39.6,12.3481,117.809
25,7.3,2.286,39.6,12.3481,116.559
31.5,7.3,2.286,39.6,12.3481,114.309
40,7.3,2.286,39.6,12.3481,114.079
50,7.3,2.286,39.6,12.3481,111.959
63,7.3,2.286,39.6,12.3481,110.839
2,7.3,2.286,31.7,13.2672,128.679
2.5,7.3,2.286,31.7,13.2672,130.089
3.15,7.3,2.286,31.7,13.2672,130.239
4,7.3,2.286,31.7,13.2672,130.269
5,7.3,2.286,31.7,13.2672,128.169
6.3,7.3,2.286,31.7,13.2672,126.189
8,7.3,2.286,31.7,13.2672,123.209
10,7.3,2.286,31.7,13.2672,119.099
12.5,7.3,2.286,31.7,13.2672,120.509
16,7.3,2.286,31.7,13.2672,119.039
20,7.3,2.286,31.7,13.2672,115.309
25,7.3,2.286,31.7,13.2672,114.709
31.5,7.3,2.286,31.7,13.2672,113.229
40,7.3,2.286,31.7,13.2672,112.639
50,7.3,2.286,31.7,13.2672,111.029
63,7.3,2.286,31.7,13.2672,110.689
8,0,1.524,71.3,1.5988,125.817
10,0,1.524,71.3,1.5988,127.307
12.5,0,1.524,71.3,1.5988,128.927
16,0,1.524,71.3,1.5988,129.667
20,0,1.524,71.3,1.5988,128.647
25,0,1.524,71.3,1.5988,128.127
31.5,0,1.524,71.3,1.5988,129.377
40,0,1.524,71.3,1.5988,128.857
50,0,1.524,71.3,1.5988,126.457
63,0,1.524,71.3,1.5988,125.427
80,0,1.524,71.3,1.5988,122.527
100,0,1.524,71.3,1.5988,120.247
125,0,1.524,71.3,1.5988,117.087
160,0,1.524,71.3,1.5988,113.297
5,0,1.524,55.5,1.72668,120.573
6.3,0,1.524,55.5,1.72668,123.583
8,0,1.524,55.5,1.72668,126.713
10,0,1.524,55.5,1.72668,128.583
12.5,0,1.524,55.5,1.72668,129.953
16,0,1.524,55.5,1.72668,130.183
20,0,1.524,55.5,1.72668,129.673
25,0,1.524,55.5,1.72668,127.763
31.5,0,1.524,55.5,1.72668,127.753
40,0,1.524,55.5,1.72668,127.233
50,0,1.524,55.5,1.72668,125.203
63,0,1.524,55.5,1.72668,123.303
80,0,1.524,55.5,1.72668,121.903
100,0,1.524,55.5,1.72668,119.253
125,0,1.524,55.5,1.72668,117.093
160,0,1.524,55.5,1.72668,112.803
5,0,1.524,39.6,1.93287,119.513
6.3,0,1.524,39.6,1.93287,124.403
8,0,1.524,39.6,1.93287,127.903
10,0,1.524,39.6,1.93287,130.033
12.5,0,1.524,39.6,1.93287,131.023
16,0,1.524,39.6,1.93287,131.013
20,0,1.524,39.6,1.93287,129.633
25,0,1.524,39.6,1.93287,126.863
31.5,0,1.524,39.6,1.93287,125.603
40,0,1.524,39.6,1.93287,125.343
50,0,1.524,39.6,1.93287,123.453
63,0,1.524,39.6,1.93287,121.313
80,0,1.524,39.6,1.93287,120.553
100,0,1.524,39.6,1.93287,115.413
5,0,1.524,31.7,2.09405,121.617
6.3,0,1.524,31.7,2.09405,125.997
8,0,1.524,31.7,2.09405,129.117
10,0,1.524,31.7,2.09405,130.987
12.5,0,1.524,31.7,2.09405,131.467
16,0,1.524,31.7,2.09405,130.817
20,0,1.524,31.7,2.09405,128.907
25,0,1.524,31.7,2.09405,125.867
31.5,0,1.524,31.7,2.09405,124.207
40,0,1.524,31.7,2.09405,123.807
50,0,1.524,31.7,2.09405,122.397
63,0,1.524,31.7,2.09405,119.737
80,0,1.524,31.7,2.09405,117.957
6.3,2.7,1.524,71.3,2.43851,127.404
8,2.7,1.524,71.3,2.43851,127.394
10,2.7,1.524,71.3,2.43851,128.774
12.5,2.7,1.524,71.3,2.43851,130.144
16,2.7,1.524,71.3,2.43851,130.644
20,2.7,1.524,71.3,2.43851,130.114
25,2.7,1.524,71.3,2.43851,128.334
31.5,2.7,1.524,71.3,2.43851,127.054
40,2.7,1.524,71.3,2.43851,126.534
50,2.7,1.524,71.3,2.43851,124.364
63,2.7,1.524,71.3,2.43851,121.944
80,2.7,1.524,71.3,2.43851,120.534
100,2.7,1.524,71.3,2.43851,116.724
125,2.7,1.524,71.3,2.43851,113.034
160,2.7,1.524,71.3,2.43851,110.364
5,2.7,1.524,39.6,2.94804,121.009
6.3,2.7,1.524,39.6,2.94804,125.809
8,2.7,1.524,39.6,2.94804,128.829
10,2.7,1.524,39.6,2.94804,130.589
12.5,2.7,1.524,39.6,2.94804,130.829
16,2.7,1.524,39.6,2.94804,130.049
20,2.7,1.524,39.6,2.94804,128.139
25,2.7,1.524,39.6,2.94804,125.589
31.5,2.7,1.524,39.6,2.94804,122.919
40,2.7,1.524,39.6,2.94804,121.889
50,2.7,1.524,39.6,2.94804,121.499
63,2.7,1.524,39.6,2.94804,119.209
80,2.7,1.524,39.6,2.94804,116.659
100,2.7,1.524,39.6,2.94804,112.589
125,2.7,1.524,39.6,2.94804,108.649
4,5.4,1.524,71.3,4.01199,124.121
5,5.4,1.524,71.3,4.01199,126.291
6.3,5.4,1.524,71.3,4.01199,128.971
8,5.4,1.524,71.3,4.01199,131.281
10,5.4,1.524,71.3,4.01199,133.201
12.5,5.4,1.524,71.3,4.01199,134.111
16,5.4,1.524,71.3,4.01199,133.241
20,5.4,1.524,71.3,4.01199,131.111
25,5.4,1.524,71.3,4.01199,127.591
31.5,5.4,1.524,71.3,4.01199,123.311
40,5.4,1.524,71.3,4.01199,121.431
50,5.4,1.524,71.3,4.01199,120.061
63,5.4,1.524,71.3,4.01199,116.411
4,5.4,1.524,55.5,4.33288,126.807
5,5.4,1.524,55.5,4.33288,129.367
6.3,5.4,1.524,55.5,4.33288,131.807
8,5.4,1.524,55.5,4.33288,133.097
10,5.4,1.524,55.5,4.33288,132.127
12.5,5.4,1.524,55.5,4.33288,130.777
16,5.4,1.524,55.5,4.33288,130.567
20,5.4,1.524,55.5,4.33288,128.707
25,5.4,1.524,55.5,4.33288,124.077
31.5,5.4,1.524,55.5,4.33288,121.587
40,5.4,1.524,55.5,4.33288,119.737
50,5.4,1.524,55.5,4.33288,118.757
63,5.4,1.524,55.5,4.33288,117.287
80,5.4,1.524,55.5,4.33288,114.927
3.15,5.4,1.524,39.6,4.85029,125.347
4,5.4,1.524,39.6,4.85029,127.637
5,5.4,1.524,39.6,4.85029,129.937
6.3,5.4,1.524,39.6,4.85029,132.357
8,5.4,1.524,39.6,4.85029,132.757
10,5.4,1.524,39.6,4.85029,130.507
12.5,5.4,1.524,39.6,4.85029,127.117
16,5.4,1.524,39.6,4.85029,126.267
20,5.4,1.524,39.6,4.85029,124.647
25,5.4,1.524,39.6,4.85029,120.497
31.5,5.4,1.524,39.6,4.85029,119.137
40,5.4,1.524,39.6,4.85029,117.137
50,5.4,1.524,39.6,4.85029,117.037
63,5.4,1.524,39.6,4.85029,116.677
3.15,5.4,1.524,31.7,5.25474,125.741
4,5.4,1.524,31.7,5.25474,127.781
5,5.4,1.524,31.7,5.25474,129.681
6.3,5.4,1.524,31.7,5.25474,131.471
8,5.4,1.524,31.7,5.25474,131.491
10,5.4,1.524,31.7,5.25474,128.241
12.5,5.4,1.524,31.7,5.25474,123.991
16,5.4,1.524,31.7,5.25474,123.761
20,5.4,1.524,31.7,5.25474,122.771
25,5.4,1.524,31.7,5.25474,119.151
31.5,5.4,1.524,31.7,5.25474,118.291
40,5.4,1.524,31.7,5.25474,116.181
50,5.4,1.524,31.7,5.25474,115.691
63,5.4,1.524,31.7,5.25474,115.591
3.15,7.2,1.524,71.3,7.52039,128.713
4,7.2,1.524,71.3,7.52039,130.123
5,7.2,1.524,71.3,7.52039,132.043
6.3,7.2,1.524,71.3,7.52039,134.853
8,7.2,1.524,71.3,7.52039,136.023
10,7.2,1.524,71.3,7.52039,134.273
12.5,7.2,1.524,71.3,7.52039,132.513
16,7.2,1.524,71.3,7.52039,130.893
20,7.2,1.524,71.3,7.52039,128.643
25,7.2,1.524,71.3,7.52039,124.353
31.5,7.2,1.524,71.3,7.52039,116.783
40,7.2,1.524,71.3,7.52039,119.343
50,7.2,1.524,71.3,7.52039,118.343
63,7.2,1.524,71.3,7.52039,116.603
80,7.2,1.524,71.3,7.52039,113.333
100,7.2,1.524,71.3,7.52039,110.313
2.5,7.2,1.524,39.6,9.09175,127.488
3.15,7.2,1.524,39.6,9.09175,130.558
4,7.2,1.524,39.6,9.09175,132.118
5,7.2,1.524,39.6,9.09175,132.658
6.3,7.2,1.524,39.6,9.09175,133.198
8,7.2,1.524,39.6,9.09175,132.358
10,7.2,1.524,39.6,9.09175,128.338
12.5,7.2,1.524,39.6,9.09175,122.428
16,7.2,1.524,39.6,9.09175,120.058
20,7.2,1.524,39.6,9.09175,120.228
25,7.2,1.524,39.6,9.09175,117.478
31.5,7.2,1.524,39.6,9.09175,111.818
40,7.2,1.524,39.6,9.09175,114.258
50,7.2,1.524,39.6,9.09175,113.288
63,7.2,1.524,39.6,9.09175,112.688
80,7.2,1.524,39.6,9.09175,111.588
100,7.2,1.524,39.6,9.09175,110.868
2,9.9,1.524,71.3,19.3001,134.319
2.5,9.9,1.524,71.3,19.3001,135.329
3.15,9.9,1.524,71.3,19.3001,135.459
4,9.9,1.524,71.3,19.3001,135.079
5,9.9,1.524,71.3,19.3001,131.279
6.3,9.9,1.524,71.3,19.3001,129.889
8,9.9,1.524,71.3,19.3001,128.879
10,9.9,1.524,71.3,19.3001,126.349
12.5,9.9,1.524,71.3,19.3001,122.679
16,9.9,1.524,71.3,19.3001,121.789
20,9.9,1.524,71.3,19.3001,120.779
25,9.9,1.524,71.3,19.3001,119.639
31.5,9.9,1.524,71.3,19.3001,116.849
40,9.9,1.524,71.3,19.3001,115.079
50,9.9,1.524,71.3,19.3001,114.569
63,9.9,1.524,71.3,19.3001,112.039
2,9.9,1.524,55.5,20.8438,131.955
2.5,9.9,1.524,55.5,20.8438,133.235
3.15,9.9,1.524,55.5,20.8438,132.355
4,9.9,1.524,55.5,20.8438,131.605
5,9.9,1.524,55.5,20.8438,127.815
6.3,9.9,1.524,55.5,20.8438,127.315
8,9.9,1.524,55.5,20.8438,126.565
10,9.9,1.524,55.5,20.8438,124.665
12.5,9.9,1.524,55.5,20.8438,121.635
16,9.9,1.524,55.5,20.8438,119.875
20,9.9,1.524,55.5,20.8438,119.505
25,9.9,1.524,55.5,20.8438,118.365
31.5,9.9,1.524,55.5,20.8438,115.085
40,9.9,1.524,55.5,20.8438,112.945
50,9.9,1.524,55.5,20.8438,112.065
63,9.9,1.524,55.5,20.8438,110.555
2,9.9,1.524,39.6,23.3328,127.315
2.5,9.9,1.524,39.6,23.3328,128.335
3.15,9.9,1.524,39.6,23.3328,128.595
4,9.9,1.524,39.6,23.3328,128.345
5,9.9,1.524,39.6,23.3328,126.835
6.3,9.9,1.524,39.6,23.3328,126.465
8,9.9,1.524,39.6,23.3328,126.345
10,9.9,1.524,39.6,23.3328,123.835
12.5,9.9,1.524,39.6,23.3328,120.555
16,9.9,1.524,39.6,23.3328,118.545
20,9.9,1.524,39.6,23.3328,117.925
25,9.9,1.524,39.6,23.3328,116.295
31.5,9.9,1.524,39.6,23.3328,113.525
40,9.9,1.524,39.6,23.3328,112.265
50,9.9,1.524,39.6,23.3328,111.135
63,9.9,1.524,39.6,23.3328,109.885
2,9.9,1.524,31.7,25.2785,127.299
2.5,9.9,1.524,31.7,25.2785,128.559
3.15,9.9,1.524,31.7,25.2785,128.809
4,9.9,1.524,31.7,25.2785,128.939
5,9.9,1.524,31.7,25.2785,127.179
6.3,9.9,1.524,31.7,25.2785,126.049
8,9.9,1.524,31.7,25.2785,125.539
10,9.9,1.524,31.7,25.2785,122.149
12.5,9.9,1.524,31.7,25.2785,118.619
16,9.9,1.524,31.7,25.2785,117.119
20,9.9,1.524,31.7,25.2785,116.859
25,9.9,1.524,31.7,25.2785,114.729
31.5,9.9,1.524,31.7,25.2785,112.209
40,9.9,1.524,31.7,25.2785,111.459
50,9.9,1.524,31.7,25.2785,109.949
63,9.9,1.524,31.7,25.2785,108.689
2,12.6,1.524,71.3,48.3159,128.354
2.5,12.6,1.524,71.3,48.3159,129.744
3.15,12.6,1.524,71.3,48.3159,128.484
4,12.6,1.524,71.3,48.3159,127.094
5,12.6,1.524,71.3,48.3159,121.664
6.3,12.6,1.524,71.3,48.3159,123.304
8,12.6,1.524,71.3,48.3159,123.054
10,12.6,1.524,71.3,48.3159,122.044
12.5,12.6,1.524,71.3,48.3159,120.154
16,12.6,1.524,71.3,48.3159,120.534
20,12.6,1.524,71.3,48.3159,117.504
25,12.6,1.524,71.3,48.3159,115.234
31.5,12.6,1.524,71.3,48.3159,113.334
40,12.6,1.524,71.3,48.3159,108.034
50,12.6,1.524,71.3,48.3159,108.034
63,12.6,1.524,71.3,48.3159,107.284
2,12.6,1.524,39.6,58.4113,114.75
2.5,12.6,1.524,39.6,58.4113,115.89
3.15,12.6,1.524,39.6,58.4113,116.02
4,12.6,1.524,39.6,58.4113,115.91
5,12.6,1.524,39.6,58.4113,114.9
6.3,12.6,1.524,39.6,58.4113,116.55
8,12.6,1.524,39.6,58.4113,116.56
10,12.6,1.524,39.6,58.4113,114.67
12.5,12.6,1.524,39.6,58.4113,112.16
16,12.6,1.524,39.6,58.4113,110.78
20,12.6,1.524,39.6,58.4113,109.52
25,12.6,1.524,39.6,58.4113,106.88
31.5,12.6,1.524,39.6,58.4113,106.26
40,12.6,1.524,39.6,58.4113,104.5
50,12.6,1.524,39.6,58.4113,104.13
63,12.6,1.524,39.6,58.4113,103.38
8,0,0.508,71.3,0.740478,130.96
10,0,0.508,71.3,0.740478,129.45
12.5,0,0.508,71.3,0.740478,128.56
16,0,0.508,71.3,0.740478,129.68
20,0,0.508,71.3,0.740478,131.06
25,0,0.508,71.3,0.740478,131.31
31.5,0,0.508,71.3,0.740478,135.07
40,0,0.508,71.3,0.740478,134.43
50,0,0.508,71.3,0.740478,134.43
63,0,0.508,71.3,0.740478,133.04
80,0,0.508,71.3,0.740478,130.89
100,0,0.508,71.3,0.740478,128.74
125,0,0.508,71.3,0.740478,125.22
8,0,0.508,55.5,0.76193,124.336
10,0,0.508,55.5,0.76193,125.586
12.5,0,0.508,55.5,0.76193,127.076
16,0,0.508,55.5,0.76193,128.576
20,0,0.508,55.5,0.76193,131.456
25,0,0.508,55.5,0.76193,133.956
31.5,0,0.508,55.5,0.76193,134.826
40,0,0.508,55.5,0.76193,134.946
50,0,0.508,55.5,0.76193,134.556
63,0,0.508,55.5,0.76193,132.796
80,0,0.508,55.5,0.76193,130.156
100,0,0.508,55.5,0.76193,127.636
125,0,0.508,55.5,0.76193,125.376
8,0,0.508,39.6,0.791822,126.508
10,0,0.508,39.6,0.791822,127.638
12.5,0,0.508,39.6,0.791822,129.148
16,0,0.508,39.6,0.791822,130.908
20,0,0.508,39.6,0.791822,132.918
25,0,0.508,39.6,0.791822,134.938
31.5,0,0.508,39.6,0.791822,135.938
40,0,0.508,39.6,0.791822,135.308
50,0,0.508,39.6,0.791822,134.308
63,0,0.508,39.6,0.791822,131.918
80,0,0.508,39.6,0.791822,128.518
100,0,0.508,39.6,0.791822,125.998
125,0,0.508,39.6,0.791822,123.988
8,0,0.508,31.7,0.812164,122.79
10,0,0.508,31.7,0.812164,126.78
12.5,0,0.508,31.7,0.812164,129.27
16,0,0.508,31.7,0.812164,131.01
20,0,0.508,31.7,0.812164,133.01
25,0,0.508,31.7,0.812164,134.87
31.5,0,0.508,31.7,0.812164,135.49
40,0,0.508,31.7,0.812164,134.11
50,0,0.508,31.7,0.812164,133.23
63,0,0.508,31.7,0.812164,130.34
80,0,0.508,31.7,0.812164,126.59
100,0,0.508,31.7,0.812164,122.45
125,0,0.508,31.7,0.812164,119.07
16,4.2,0.508,71.3,1.42788,124.318
20,4.2,0.508,71.3,1.42788,129.848
25,4.2,0.508,71.3,1.42788,131.978
31.5,4.2,0.508,71.3,1.42788,133.728
40,4.2,0.508,71.3,1.42788,133.598
50,4.2,0.508,71.3,1.42788,132.828
63,4.2,0.508,71.3,1.42788,129.308
80,4.2,0.508,71.3,1.42788,125.268
100,4.2,0.508,71.3,1.42788,121.238
125,4.2,0.508,71.3,1.42788,117.328
10,4.2,0.508,39.6,1.52689,125.647
12.5,4.2,0.508,39.6,1.52689,128.427
16,4.2,0.508,39.6,1.52689,130.197
20,4.2,0.508,39.6,1.52689,132.587
25,4.2,0.508,39.6,1.52689,133.847
31.5,4.2,0.508,39.6,1.52689,133.587
40,4.2,0.508,39.6,1.52689,131.807
50,4.2,0.508,39.6,1.52689,129.777
63,4.2,0.508,39.6,1.52689,125.717
80,4.2,0.508,39.6,1.52689,120.397
100,4.2,0.508,39.6,1.52689,116.967
8,8.4,0.508,71.3,5.29514,127.556
10,8.4,0.508,71.3,5.29514,129.946
12.5,8.4,0.508,71.3,5.29514,132.086
16,8.4,0.508,71.3,5.29514,133.846
20,8.4,0.508,71.3,5.29514,134.476
25,8.4,0.508,71.3,5.29514,134.226
31.5,8.4,0.508,71.3,5.29514,131.966
40,8.4,0.508,71.3,5.29514,126.926
50,8.4,0.508,71.3,5.29514,121.146
4,8.4,0.508,55.5,5.44854,121.582
5,8.4,0.508,55.5,5.44854,123.742
6.3,8.4,0.508,55.5,5.44854,126.152
8,8.4,0.508,55.5,5.44854,128.562
10,8.4,0.508,55.5,5.44854,130.722
12.5,8.4,0.508,55.5,5.44854,132.252
16,8.4,0.508,55.5,5.44854,133.032
20,8.4,0.508,55.5,5.44854,133.042
25,8.4,0.508,55.5,5.44854,131.542
31.5,8.4,0.508,55.5,5.44854,128.402
40,8.4,0.508,55.5,5.44854,122.612
50,8.4,0.508,55.5,5.44854,115.812
4,8.4,0.508,39.6,5.66229,120.015
5,8.4,0.508,39.6,5.66229,122.905
6.3,8.4,0.508,39.6,5.66229,126.045
8,8.4,0.508,39.6,5.66229,128.435
10,8.4,0.508,39.6,5.66229,130.195
12.5,8.4,0.508,39.6,5.66229,131.205
16,8.4,0.508,39.6,5.66229,130.965
20,8.4,0.508,39.6,5.66229,129.965
25,8.4,0.508,39.6,5.66229,127.465
31.5,8.4,0.508,39.6,5.66229,123.965
40,8.4,0.508,39.6,5.66229,118.955
4,8.4,0.508,31.7,5.80776,120.076
5,8.4,0.508,31.7,5.80776,122.966
6.3,8.4,0.508,31.7,5.80776,125.856
8,8.4,0.508,31.7,5.80776,128.246
10,8.4,0.508,31.7,5.80776,129.516
12.5,8.4,0.508,31.7,5.80776,130.156
16,8.4,0.508,31.7,5.80776,129.296
20,8.4,0.508,31.7,5.80776,127.686
25,8.4,0.508,31.7,5.80776,125.576
31.5,8.4,0.508,31.7,5.80776,122.086
40,8.4,0.508,31.7,5.80776,118.106
2,11.2,0.508,71.3,14.072,125.941
2.5,11.2,0.508,71.3,14.072,127.101
3.15,11.2,0.508,71.3,14.072,128.381
4,11.2,0.508,71.3,14.072,129.281
5,11.2,0.508,71.3,14.072,130.311
6.3,11.2,0.508,71.3,14.072,133.611
8,11.2,0.508,71.3,14.072,136.031
10,11.2,0.508,71.3,14.072,136.941
12.5,11.2,0.508,71.3,14.072,136.191
16,11.2,0.508,71.3,14.072,135.191
20,11.2,0.508,71.3,14.072,133.311
25,11.2,0.508,71.3,14.072,130.541
31.5,11.2,0.508,71.3,14.072,127.141
40,11.2,0.508,71.3,14.072,122.471
2,11.2,0.508,39.6,15.0478,125.01
2.5,11.2,0.508,39.6,15.0478,126.43
3.15,11.2,0.508,39.6,15.0478,128.99
4,11.2,0.508,39.6,15.0478,130.67
5,11.2,0.508,39.6,15.0478,131.96
6.3,11.2,0.508,39.6,15.0478,133.13
8,11.2,0.508,39.6,15.0478,133.79
10,11.2,0.508,39.6,15.0478,132.43
12.5,11.2,0.508,39.6,15.0478,130.05
16,11.2,0.508,39.6,15.0478,126.54
20,11.2,0.508,39.6,15.0478,124.42
25,11.2,0.508,39.6,15.0478,122.17
31.5,11.2,0.508,39.6,15.0478,119.67
40,11.2,0.508,39.6,15.0478,115.52
2,15.4,0.508,71.3,26.4269,123.595
2.5,15.4,0.508,71.3,26.4269,124.835
3.15,15.4,0.508,71.3,26.4269,126.195
4,15.4,0.508,71.3,26.4269,126.805
5,15.4,0.508,71.3,26.4269,127.285
6.3,15.4,0.508,71.3,26.4269,129.645
8,15.4,0.508,71.3,26.4269,131.515
10,15.4,0.508,71.3,26.4269,131.865
12.5,15.4,0.508,71.3,26.4269,130.845
16,15.4,0.508,71.3,26.4269,130.065
20,15.4,0.508,71.3,26.4269,129.285
25,15.4,0.508,71.3,26.4269,127.625
31.5,15.4,0.508,71.3,26.4269,125.715
40,15.4,0.508,71.3,26.4269,122.675
50,15.4,0.508,71.3,26.4269,119.135
63,15.4,0.508,71.3,26.4269,115.215
80,15.4,0.508,71.3,26.4269,112.675
2,15.4,0.508,55.5,27.1925,122.94
2.5,15.4,0.508,55.5,27.1925,124.17
3.15,15.4,0.508,55.5,27.1925,125.39
4,15.4,0.508,55.5,27.1925,126.5
5,15.4,0.508,55.5,27.1925,127.22
6.3,15.4,0.508,55.5,27.1925,129.33
8,15.4,0.508,55.5,27.1925,130.43
10,15.4,0.508,55.5,27.1925,130.4
12.5,15.4,0.508,55.5,27.1925,130
16,15.4,0.508,55.5,27.1925,128.2
20,15.4,0.508,55.5,27.1925,127.04
25,15.4,0.508,55.5,27.1925,125.63
31.5,15.4,0.508,55.5,27.1925,123.46
40,15.4,0.508,55.5,27.1925,120.92
50,15.4,0.508,55.5,27.1925,117.11
63,15.4,0.508,55.5,27.1925,112.93
2,15.4,0.508,39.6,28.2593,121.783
2.5,15.4,0.508,39.6,28.2593,122.893
3.15,15.4,0.508,39.6,28.2593,124.493
4,15.4,0.508,39.6,28.2593,125.353
5,15.4,0.508,39.6,28.2593,125.963
6.3,15.4,0.508,39.6,28.2593,127.443
8,15.4,0.508,39.6,28.2593,128.423
10,15.4,0.508,39.6,28.2593,127.893
12.5,15.4,0.508,39.6,28.2593,126.743
16,15.4,0.508,39.6,28.2593,124.843
20,15.4,0.508,39.6,28.2593,123.443
25,15.4,0.508,39.6,28.2593,122.413
31.5,15.4,0.508,39.6,28.2593,120.513
40,15.4,0.508,39.6,28.2593,118.113
50,15.4,0.508,39.6,28.2593,114.453
63,15.4,0.508,39.6,28.2593,109.663
2,15.4,0.508,31.7,28.9853,119.975
2.5,15.4,0.508,31.7,28.9853,121.225
3.15,15.4,0.508,31.7,28.9853,122.845
4,15.4,0.508,31.7,28.9853,123.705
5,15.4,0.508,31.7,28.9853,123.695
6.3,15.4,0.508,31.7,28.9853,124.685
8,15.4,0.508,31.7,28.9853,125.555
10,15.4,0.508,31.7,28.9853,124.525
12.5,15.4,0.508,31.7,28.9853,123.255
16,15.4,0.508,31.7,28.9853,121.485
20,15.4,0.508,31.7,28.9853,120.835
25,15.4,0.508,31.7,28.9853,119.945
31.5,15.4,0.508,31.7,28.9853,118.045
40,15.4,0.508,31.7,28.9853,115.635
50,15.4,0.508,31.7,28.9853,112.355
63,15.4,0.508,31.7,28.9853,108.185
2,19.7,0.508,71.3,34.1183,118.005
2.5,19.7,0.508,71.3,34.1183,119.115
3.15,19.7,0.508,71.3,34.1183,121.235
4,19.7,0.508,71.3,34.1183,123.865
5,19.7,0.508,71.3,34.1183,126.995
6.3,19.7,0.508,71.3,34.1183,128.365
8,19.7,0.508,71.3,34.1183,124.555
10,19.7,0.508,71.3,34.1183,121.885
12.5,19.7,0.508,71.3,34.1183,121.485
16,19.7,0.508,71.3,34.1183,120.575
20,19.7,0.508,71.3,34.1183,120.055
25,19.7,0.508,71.3,34.1183,118.385
31.5,19.7,0.508,71.3,34.1183,116.225
40,19.7,0.508,71.3,34.1183,113.045
2,19.7,0.508,39.6,36.484,125.974
2.5,19.7,0.508,39.6,36.484,127.224
3.15,19.7,0.508,39.6,36.484,129.864
4,19.7,0.508,39.6,36.484,130.614
5,19.7,0.508,39.6,36.484,128.444
6.3,19.7,0.508,39.6,36.484,120.324
8,19.7,0.508,39.6,36.484,119.174
10,19.7,0.508,39.6,36.484,118.904
12.5,19.7,0.508,39.6,36.484,118.634
16,19.7,0.508,39.6,36.484,117.604
20,19.7,0.508,39.6,36.484,117.724
25,19.7,0.508,39.6,36.484,116.184
31.5,19.7,0.508,39.6,36.484,113.004
40,19.7,0.508,39.6,36.484,108.684
25,0,0.254,71.3,0.400682,133.707
31.5,0,0.254,71.3,0.400682,137.007
40,0,0.254,71.3,0.400682,138.557
50,0,0.254,71.3,0.400682,136.837
63,0,0.254,71.3,0.400682,134.987
80,0,0.254,71.3,0.400682,129.867
100,0,0.254,71.3,0.400682,130.787
125,0,0.254,71.3,0.400682,133.207
160,0,0.254,71.3,0.400682,130.477
200,0,0.254,71.3,0.400682,123.217
20,0,0.254,55.5,0.41229,127.623
25,0,0.254,55.5,0.41229,130.073
31.5,0,0.254,55.5,0.41229,130.503
40,0,0.254,55.5,0.41229,133.223
50,0,0.254,55.5,0.41229,135.803
63,0,0.254,55.5,0.41229,136.103
80,0,0.254,55.5,0.41229,136.163
100,0,0.254,55.5,0.41229,134.563
125,0,0.254,55.5,0.41229,131.453
160,0,0.254,55.5,0.41229,125.683
200,0,0.254,55.5,0.41229,121.933
16,0,0.254,39.6,0.428464,124.156
20,0,0.254,39.6,0.428464,130.026
25,0,0.254,39.6,0.428464,131.836
31.5,0,0.254,39.6,0.428464,133.276
40,0,0.254,39.6,0.428464,135.346
50,0,0.254,39.6,0.428464,136.536
63,0,0.254,39.6,0.428464,136.826
80,0,0.254,39.6,0.428464,135.866
100,0,0.254,39.6,0.428464,133.376
125,0,0.254,39.6,0.428464,129.116
160,0,0.254,39.6,0.428464,124.986
10,0,0.254,31.7,0.439472,125.127
12.5,0,0.254,31.7,0.439472,127.947
16,0,0.254,31.7,0.439472,129.267
20,0,0.254,31.7,0.439472,130.697
25,0,0.254,31.7,0.439472,132.897
31.5,0,0.254,31.7,0.439472,135.227
40,0,0.254,31.7,0.439472,137.047
50,0,0.254,31.7,0.439472,138.607
63,0,0.254,31.7,0.439472,138.537
80,0,0.254,31.7,0.439472,137.207
100,0,0.254,31.7,0.439472,134.227
125,0,0.254,31.7,0.439472,128.977
160,0,0.254,31.7,0.439472,125.627
20,4.8,0.254,71.3,0.848633,128.398
25,4.8,0.254,71.3,0.848633,130.828
31.5,4.8,0.254,71.3,0.848633,133.378
40,4.8,0.254,71.3,0.848633,134.928
50,4.8,0.254,71.3,0.848633,135.468
63,4.8,0.254,71.3,0.848633,134.498
80,4.8,0.254,71.3,0.848633,131.518
100,4.8,0.254,71.3,0.848633,127.398
125,4.8,0.254,71.3,0.848633,127.688
160,4.8,0.254,71.3,0.848633,124.208
200,4.8,0.254,71.3,0.848633,119.708
16,4.8,0.254,55.5,0.873218,121.474
20,4.8,0.254,55.5,0.873218,125.054
25,4.8,0.254,55.5,0.873218,129.144
31.5,4.8,0.254,55.5,0.873218,132.354
40,4.8,0.254,55.5,0.873218,133.924
50,4.8,0.254,55.5,0.873218,135.484
63,4.8,0.254,55.5,0.873218,135.164
80,4.8,0.254,55.5,0.873218,132.184
100,4.8,0.254,55.5,0.873218,126.944
125,4.8,0.254,55.5,0.873218,125.094
160,4.8,0.254,55.5,0.873218,124.394
200,4.8,0.254,55.5,0.873218,121.284
5,4.8,0.254,39.6,0.907475,116.366
6.3,4.8,0.254,39.6,0.907475,118.696
8,4.8,0.254,39.6,0.907475,120.766
10,4.8,0.254,39.6,0.907475,122.956
12.5,4.8,0.254,39.6,0.907475,125.026
16,4.8,0.254,39.6,0.907475,125.966
20,4.8,0.254,39.6,0.907475,128.916
25,4.8,0.254,39.6,0.907475,131.236
31.5,4.8,0.254,39.6,0.907475,133.436
40,4.8,0.254,39.6,0.907475,134.996
50,4.8,0.254,39.6,0.907475,135.426
63,4.8,0.254,39.6,0.907475,134.336
80,4.8,0.254,39.6,0.907475,131.346
100,4.8,0.254,39.6,0.907475,126.066
5,4.8,0.254,31.7,0.930789,116.128
6.3,4.8,0.254,31.7,0.930789,120.078
8,4.8,0.254,31.7,0.930789,122.648
10,4.8,0.254,31.7,0.930789,125.348
12.5,4.8,0.254,31.7,0.930789,127.408
16,4.8,0.254,31.7,0.930789,128.718
20,4.8,0.254,31.7,0.930789,130.148
25,4.8,0.254,31.7,0.930789,132.588
31.5,4.8,0.254,31.7,0.930789,134.268
40,4.8,0.254,31.7,0.930789,135.328
50,4.8,0.254,31.7,0.930789,135.248
63,4.8,0.254,31.7,0.930789,132.898
80,4.8,0.254,31.7,0.930789,127.008
6.3,9.5,0.254,71.3,4.20654,125.726
8,9.5,0.254,71.3,4.20654,127.206
10,9.5,0.254,71.3,4.20654,129.556
12.5,9.5,0.254,71.3,4.20654,131.656
16,9.5,0.254,71.3,4.20654,133.756
20,9.5,0.254,71.3,4.20654,134.976
25,9.5,0.254,71.3,4.20654,135.956
31.5,9.5,0.254,71.3,4.20654,136.166
40,9.5,0.254,71.3,4.20654,134.236
50,9.5,0.254,71.3,4.20654,131.186
63,9.5,0.254,71.3,4.20654,127.246
4,9.5,0.254,55.5,4.3284,120.952
5,9.5,0.254,55.5,4.3284,123.082
6.3,9.5,0.254,55.5,4.3284,125.452
8,9.5,0.254,55.5,4.3284,128.082
10,9.5,0.254,55.5,4.3284,130.332
12.5,9.5,0.254,55.5,4.3284,132.202
16,9.5,0.254,55.5,4.3284,133.062
20,9.5,0.254,55.5,4.3284,134.052
25,9.5,0.254,55.5,4.3284,134.152
31.5,9.5,0.254,55.5,4.3284,133.252
40,9.5,0.254,55.5,4.3284,131.582
50,9.5,0.254,55.5,4.3284,128.412
63,9.5,0.254,55.5,4.3284,124.222
2,9.5,0.254,39.6,4.49821,116.074
2.5,9.5,0.254,39.6,4.49821,116.924
3.15,9.5,0.254,39.6,4.49821,119.294
4,9.5,0.254,39.6,4.49821,121.154
5,9.5,0.254,39.6,4.49821,123.894
6.3,9.5,0.254,39.6,4.49821,126.514
8,9.5,0.254,39.6,4.49821,129.014
10,9.5,0.254,39.6,4.49821,130.374
12.5,9.5,0.254,39.6,4.49821,130.964
16,9.5,0.254,39.6,4.49821,131.184
20,9.5,0.254,39.6,4.49821,131.274
25,9.5,0.254,39.6,4.49821,131.234
31.5,9.5,0.254,39.6,4.49821,129.934
40,9.5,0.254,39.6,4.49821,127.864
50,9.5,0.254,39.6,4.49821,125.044
63,9.5,0.254,39.6,4.49821,120.324
2,9.5,0.254,31.7,4.61377,119.146
2.5,9.5,0.254,31.7,4.61377,120.136
3.15,9.5,0.254,31.7,4.61377,122.766
4,9.5,0.254,31.7,4.61377,124.756
5,9.5,0.254,31.7,4.61377,126.886
6.3,9.5,0.254,31.7,4.61377,129.006
8,9.5,0.254,31.7,4.61377,130.746
10,9.5,0.254,31.7,4.61377,131.346
12.5,9.5,0.254,31.7,4.61377,131.446
16,9.5,0.254,31.7,4.61377,131.036
20,9.5,0.254,31.7,4.61377,130.496
25,9.5,0.254,31.7,4.61377,130.086
31.5,9.5,0.254,31.7,4.61377,128.536
40,9.5,0.254,31.7,4.61377,126.736
50,9.5,0.254,31.7,4.61377,124.426
63,9.5,0.254,31.7,4.61377,120.726
2.5,12.7,0.254,71.3,12.1808,119.698
3.15,12.7,0.254,71.3,12.1808,122.938
4,12.7,0.254,71.3,12.1808,125.048
5,12.7,0.254,71.3,12.1808,126.898
6.3,12.7,0.254,71.3,12.1808,128.878
8,12.7,0.254,71.3,12.1808,130.348
10,12.7,0.254,71.3,12.1808,131.698
12.5,12.7,0.254,71.3,12.1808,133.048
16,12.7,0.254,71.3,12.1808,134.528
20,12.7,0.254,71.3,12.1808,134.228
25,12.7,0.254,71.3,12.1808,134.058
31.5,12.7,0.254,71.3,12.1808,133.758
40,12.7,0.254,71.3,12.1808,131.808
50,12.7,0.254,71.3,12.1808,128.978
63,12.7,0.254,71.3,12.1808,125.398
80,12.7,0.254,71.3,12.1808,120.538
100,12.7,0.254,71.3,12.1808,114.418
2.5,12.7,0.254,39.6,13.0253,121.547
3.15,12.7,0.254,39.6,13.0253,123.537
4,12.7,0.254,39.6,13.0253,125.527
5,12.7,0.254,39.6,13.0253,127.127
6.3,12.7,0.254,39.6,13.0253,128.867
8,12.7,0.254,39.6,13.0253,130.217
10,12.7,0.254,39.6,13.0253,130.947
12.5,12.7,0.254,39.6,13.0253,130.777
16,12.7,0.254,39.6,13.0253,129.977
20,12.7,0.254,39.6,13.0253,129.567
25,12.7,0.254,39.6,13.0253,129.027
31.5,12.7,0.254,39.6,13.0253,127.847
40,12.7,0.254,39.6,13.0253,126.537
50,12.7,0.254,39.6,13.0253,125.107
63,12.7,0.254,39.6,13.0253,123.177
80,12.7,0.254,39.6,13.0253,120.607
100,12.7,0.254,39.6,13.0253,116.017
2,17.4,0.254,71.3,16.104,112.506
2.5,17.4,0.254,71.3,16.104,113.796
3.15,17.4,0.254,71.3,16.104,115.846
4,17.4,0.254,71.3,16.104,117.396
5,17.4,0.254,71.3,16.104,119.806
6.3,17.4,0.254,71.3,16.104,122.606
8,17.4,0.254,71.3,16.104,124.276
10,17.4,0.254,71.3,16.104,125.816
12.5,17.4,0.254,71.3,16.104,126.356
16,17.4,0.254,71.3,16.104,126.406
20,17.4,0.254,71.3,16.104,126.826
25,17.4,0.254,71.3,16.104,126.746
31.5,17.4,0.254,71.3,16.104,126.536
40,17.4,0.254,71.3,16.104,125.586
50,17.4,0.254,71.3,16.104,123.126
63,17.4,0.254,71.3,16.104,119.916
80,17.4,0.254,71.3,16.104,115.466
2,17.4,0.254,55.5,16.5706,109.951
2.5,17.4,0.254,55.5,16.5706,110.491
3.15,17.4,0.254,55.5,16.5706,111.911
4,17.4,0.254,55.5,16.5706,115.461
5,17.4,0.254,55.5,16.5706,119.621
6.3,17.4,0.254,55.5,16.5706,122.411
8,17.4,0.254,55.5,16.5706,123.091
10,17.4,0.254,55.5,16.5706,126.001
12.5,17.4,0.254,55.5,16.5706,129.301
16,17.4,0.254,55.5,16.5706,126.471
20,17.4,0.254,55.5,16.5706,125.261
25,17.4,0.254,55.5,16.5706,124.931
31.5,17.4,0.254,55.5,16.5706,124.101
40,17.4,0.254,55.5,16.5706,121.771
50,17.4,0.254,55.5,16.5706,118.941
63,17.4,0.254,55.5,16.5706,114.861
2,17.4,0.254,39.6,17.2206,114.044
2.5,17.4,0.254,39.6,17.2206,114.714
3.15,17.4,0.254,39.6,17.2206,115.144
4,17.4,0.254,39.6,17.2206,115.444
5,17.4,0.254,39.6,17.2206,117.514
6.3,17.4,0.254,39.6,17.2206,124.514
8,17.4,0.254,39.6,17.2206,135.324
10,17.4,0.254,39.6,17.2206,138.274
12.5,17.4,0.254,39.6,17.2206,131.364
16,17.4,0.254,39.6,17.2206,127.614
20,17.4,0.254,39.6,17.2206,126.644
25,17.4,0.254,39.6,17.2206,124.154
31.5,17.4,0.254,39.6,17.2206,123.564
40,17.4,0.254,39.6,17.2206,122.724
50,17.4,0.254,39.6,17.2206,119.854
2,17.4,0.254,31.7,17.6631,116.146
2.5,17.4,0.254,31.7,17.6631,116.956
3.15,17.4,0.254,31.7,17.6631,118.416
4,17.4,0.254,31.7,17.6631,120.766
5,17.4,0.254,31.7,17.6631,127.676
6.3,17.4,0.254,31.7,17.6631,136.886
8,17.4,0.254,31.7,17.6631,139.226
10,17.4,0.254,31.7,17.6631,131.796
12.5,17.4,0.254,31.7,17.6631,128.306
16,17.4,0.254,31.7,17.6631,126.846
20,17.4,0.254,31.7,17.6631,124.356
25,17.4,0.254,31.7,17.6631,124.166
31.5,17.4,0.254,31.7,17.6631,123.466
40,17.4,0.254,31.7,17.6631,121.996
50,17.4,0.254,31.7,17.6631,117.996
3.15,22.2,0.254,71.3,21.4178,115.857
4,22.2,0.254,71.3,21.4178,117.927
5,22.2,0.254,71.3,21.4178,117.967
6.3,22.2,0.254,71.3,21.4178,120.657
8,22.2,0.254,71.3,21.4178,123.227
10,22.2,0.254,71.3,21.4178,134.247
12.5,22.2,0.254,71.3,21.4178,140.987
16,22.2,0.254,71.3,21.4178,131.817
20,22.2,0.254,71.3,21.4178,127.197
25,22.2,0.254,71.3,21.4178,126.097
31.5,22.2,0.254,71.3,21.4178,124.127
40,22.2,0.254,71.3,21.4178,123.917
50,22.2,0.254,71.3,21.4178,125.727
63,22.2,0.254,71.3,21.4178,123.127
80,22.2,0.254,71.3,21.4178,121.657
2,22.2,0.254,39.6,22.9028,116.066
2.5,22.2,0.254,39.6,22.9028,117.386
3.15,22.2,0.254,39.6,22.9028,120.716
4,22.2,0.254,39.6,22.9028,123.416
5,22.2,0.254,39.6,22.9028,129.776
6.3,22.2,0.254,39.6,22.9028,137.026
8,22.2,0.254,39.6,22.9028,137.076
10,22.2,0.254,39.6,22.9028,128.416
12.5,22.2,0.254,39.6,22.9028,126.446
16,22.2,0.254,39.6,22.9028,122.216
20,22.2,0.254,39.6,22.9028,121.256
25,22.2,0.254,39.6,22.9028,121.306
31.5,22.2,0.254,39.6,22.9028,120.856
40,22.2,0.254,39.6,22.9028,119.646
50,22.2,0.254,39.6,22.9028,118.816
6.3,0,1.016,71.3,1.21072,124.155
8,0,1.016,71.3,1.21072,126.805
10,0,1.016,71.3,1.21072,128.825
12.5,0,1.016,71.3,1.21072,130.335
16,0,1.016,71.3,1.21072,131.725
20,0,1.016,71.3,1.21072,132.095
25,0,1.016,71.3,1.21072,132.595
31.5,0,1.016,71.3,1.21072,131.955
40,0,1.016,71.3,1.21072,130.935
50,0,1.016,71.3,1.21072,130.795
63,0,1.016,71.3,1.21072,129.395
80,0,1.016,71.3,1.21072,125.465
100,0,1.016,71.3,1.21072,123.305
125,0,1.016,71.3,1.21072,119.375
6.3,0,1.016,55.5,1.31983,126.17
8,0,1.016,55.5,1.31983,127.92
10,0,1.016,55.5,1.31983,129.8
12.5,0,1.016,55.5,1.31983,131.43
16,0,1.016,55.5,1.31983,132.05
20,0,1.016,55.5,1.31983,132.54
25,0,1.016,55.5,1.31983,133.04
31.5,0,1.016,55.5,1.31983,131.78
40,0,1.016,55.5,1.31983,129.5
50,0,1.016,55.5,1.31983,128.36
63,0,1.016,55.5,1.31983,127.73
80,0,1.016,55.5,1.31983,124.45
100,0,1.016,55.5,1.31983,121.93
125,0,1.016,55.5,1.31983,119.91
6.3,0,1.016,39.6,1.46332,125.401
8,0,1.016,39.6,1.46332,128.401
10,0,1.016,39.6,1.46332,130.781
12.5,0,1.016,39.6,1.46332,132.271
16,0,1.016,39.6,1.46332,133.261
20,0,1.016,39.6,1.46332,133.251
25,0,1.016,39.6,1.46332,132.611
31.5,0,1.016,39.6,1.46332,130.961
40,0,1.016,39.6,1.46332,127.801
50,0,1.016,39.6,1.46332,126.021
63,0,1.016,39.6,1.46332,125.631
80,0,1.016,39.6,1.46332,122.341
100,0,1.016,39.6,1.46332,119.561
6.3,0,1.016,31.7,1.50092,126.413
8,0,1.016,31.7,1.50092,129.053
10,0,1.016,31.7,1.50092,131.313
12.5,0,1.016,31.7,1.50092,133.063
16,0,1.016,31.7,1.50092,133.553
20,0,1.016,31.7,1.50092,133.153
25,0,1.016,31.7,1.50092,132.003
31.5,0,1.016,31.7,1.50092,129.973
40,0,1.016,31.7,1.50092,126.933
50,0,1.016,31.7,1.50092,124.393
63,0,1.016,31.7,1.50092,124.253
80,0,1.016,31.7,1.50092,120.193
100,0,1.016,31.7,1.50092,115.893
8,3.3,1.016,71.3,2.02822,131.074
10,3.3,1.016,71.3,2.02822,131.434
12.5,3.3,1.016,71.3,2.02822,132.304
16,3.3,1.016,71.3,2.02822,133.664
20,3.3,1.016,71.3,2.02822,134.034
25,3.3,1.016,71.3,2.02822,133.894
31.5,3.3,1.016,71.3,2.02822,132.114
40,3.3,1.016,71.3,2.02822,128.704
50,3.3,1.016,71.3,2.02822,127.054
63,3.3,1.016,71.3,2.02822,124.904
80,3.3,1.016,71.3,2.02822,121.234
100,3.3,1.016,71.3,2.02822,116.694
6.3,3.3,1.016,55.5,2.211,126.599
8,3.3,1.016,55.5,2.211,129.119
10,3.3,1.016,55.5,2.211,131.129
12.5,3.3,1.016,55.5,2.211,132.769
16,3.3,1.016,55.5,2.211,133.649
20,3.3,1.016,55.5,2.211,133.649
25,3.3,1.016,55.5,2.211,132.889
31.5,3.3,1.016,55.5,2.211,130.629
40,3.3,1.016,55.5,2.211,127.229
50,3.3,1.016,55.5,2.211,124.839
63,3.3,1.016,55.5,2.211,123.839
80,3.3,1.016,55.5,2.211,120.569
100,3.3,1.016,55.5,2.211,115.659
6.3,3.3,1.016,39.6,2.45138,127.251
8,3.3,1.016,39.6,2.45138,129.991
10,3.3,1.016,39.6,2.45138,131.971
12.5,3.3,1.016,39.6,2.45138,133.211
16,3.3,1.016,39.6,2.45138,133.071
20,3.3,1.016,39.6,2.45138,132.301
25,3.3,1.016,39.6,2.45138,130.791
31.5,3.3,1.016,39.6,2.45138,128.401
40,3.3,1.016,39.6,2.45138,124.881
50,3.3,1.016,39.6,2.45138,122.371
63,3.3,1.016,39.6,2.45138,120.851
80,3.3,1.016,39.6,2.45138,118.091
100,3.3,1.016,39.6,2.45138,115.321
6.3,3.3,1.016,31.7,2.51435,128.952
8,3.3,1.016,31.7,2.51435,131.362
10,3.3,1.016,31.7,2.51435,133.012
12.5,3.3,1.016,31.7,2.51435,134.022
16,3.3,1.016,31.7,2.51435,133.402
20,3.3,1.016,31.7,2.51435,131.642
25,3.3,1.016,31.7,2.51435,130.392
31.5,3.3,1.016,31.7,2.51435,128.252
40,3.3,1.016,31.7,2.51435,124.852
50,3.3,1.016,31.7,2.51435,122.082
63,3.3,1.016,31.7,2.51435,120.702
80,3.3,1.016,31.7,2.51435,117.432
6.3,6.7,1.016,71.3,4.78288,131.448
8,6.7,1.016,71.3,4.78288,134.478
10,6.7,1.016,71.3,4.78288,136.758
12.5,6.7,1.016,71.3,4.78288,137.658
16,6.7,1.016,71.3,4.78288,136.678
20,6.7,1.016,71.3,4.78288,134.568
25,6.7,1.016,71.3,4.78288,131.458
31.5,6.7,1.016,71.3,4.78288,124.458
5,6.7,1.016,55.5,5.2139,129.343
6.3,6.7,1.016,55.5,5.2139,133.023
8,6.7,1.016,55.5,5.2139,135.953
10,6.7,1.016,55.5,5.2139,137.233
12.5,6.7,1.016,55.5,5.2139,136.883
16,6.7,1.016,55.5,5.2139,133.653
20,6.7,1.016,55.5,5.2139,129.653
25,6.7,1.016,55.5,5.2139,124.273
4,6.7,1.016,39.6,5.78076,128.295
5,6.7,1.016,39.6,5.78076,130.955
6.3,6.7,1.016,39.6,5.78076,133.355
8,6.7,1.016,39.6,5.78076,134.625
10,6.7,1.016,39.6,5.78076,134.515
12.5,6.7,1.016,39.6,5.78076,132.395
16,6.7,1.016,39.6,5.78076,127.375
20,6.7,1.016,39.6,5.78076,122.235
3.15,6.7,1.016,31.7,5.92927,126.266
4,6.7,1.016,31.7,5.92927,128.296
5,6.7,1.016,31.7,5.92927,130.206
6.3,6.7,1.016,31.7,5.92927,132.116
8,6.7,1.016,31.7,5.92927,132.886
10,6.7,1.016,31.7,5.92927,131.636
12.5,6.7,1.016,31.7,5.92927,129.256
16,6.7,1.016,31.7,5.92927,124.346
20,6.7,1.016,31.7,5.92927,120.446
2,8.9,1.016,71.3,10.3088,133.503
2.5,8.9,1.016,71.3,10.3088,134.533
3.15,8.9,1.016,71.3,10.3088,136.583
4,8.9,1.016,71.3,10.3088,138.123
5,8.9,1.016,71.3,10.3088,138.523
6.3,8.9,1.016,71.3,10.3088,138.423
8,8.9,1.016,71.3,10.3088,137.813
10,8.9,1.016,71.3,10.3088,135.433
12.5,8.9,1.016,71.3,10.3088,132.793
16,8.9,1.016,71.3,10.3088,128.763
20,8.9,1.016,71.3,10.3088,124.233
25,8.9,1.016,71.3,10.3088,123.623
31.5,8.9,1.016,71.3,10.3088,123.263
40,8.9,1.016,71.3,10.3088,120.243
50,8.9,1.016,71.3,10.3088,116.723
63,8.9,1.016,71.3,10.3088,117.253
2,8.9,1.016,39.6,12.4596,133.42
2.5,8.9,1.016,39.6,12.4596,134.34
3.15,8.9,1.016,39.6,12.4596,135.38
4,8.9,1.016,39.6,12.4596,135.54
5,8.9,1.016,39.6,12.4596,133.79
6.3,8.9,1.016,39.6,12.4596,131.92
8,8.9,1.016,39.6,12.4596,130.94
10,8.9,1.016,39.6,12.4596,129.58
12.5,8.9,1.016,39.6,12.4596,127.71
16,8.9,1.016,39.6,12.4596,123.82
20,8.9,1.016,39.6,12.4596,119.04
25,8.9,1.016,39.6,12.4596,119.19
31.5,8.9,1.016,39.6,12.4596,119.35
40,8.9,1.016,39.6,12.4596,116.22
50,8.9,1.016,39.6,12.4596,113.08
63,8.9,1.016,39.6,12.4596,113.11
2,12.3,1.016,71.3,33.7792,130.588
2.5,12.3,1.016,71.3,33.7792,131.568
3.15,12.3,1.016,71.3,33.7792,137.068
4,12.3,1.016,71.3,33.7792,139.428
5,12.3,1.016,71.3,33.7792,140.158
6.3,12.3,1.016,71.3,33.7792,135.368
8,12.3,1.016,71.3,33.7792,127.318
10,12.3,1.016,71.3,33.7792,127.928
12.5,12.3,1.016,71.3,33.7792,126.648
16,12.3,1.016,71.3,33.7792,124.748
20,12.3,1.016,71.3,33.7792,122.218
25,12.3,1.016,71.3,33.7792,121.318
31.5,12.3,1.016,71.3,33.7792,120.798
40,12.3,1.016,71.3,33.7792,118.018
50,12.3,1.016,71.3,33.7792,116.108
63,12.3,1.016,71.3,33.7792,113.958
2,12.3,1.016,55.5,36.8233,132.304
2.5,12.3,1.016,55.5,36.8233,133.294
3.15,12.3,1.016,55.5,36.8233,135.674
4,12.3,1.016,55.5,36.8233,136.414
5,12.3,1.016,55.5,36.8233,133.774
6.3,12.3,1.016,55.5,36.8233,124.244
8,12.3,1.016,55.5,36.8233,125.114
10,12.3,1.016,55.5,36.8233,125.484
12.5,12.3,1.016,55.5,36.8233,124.214
16,12.3,1.016,55.5,36.8233,121.824
20,12.3,1.016,55.5,36.8233,118.564
25,12.3,1.016,55.5,36.8233,117.054
31.5,12.3,1.016,55.5,36.8233,116.914
40,12.3,1.016,55.5,36.8233,114.404
50,12.3,1.016,55.5,36.8233,112.014
63,12.3,1.016,55.5,36.8233,110.124
2,12.3,1.016,39.6,40.8268,128.545
2.5,12.3,1.016,39.6,40.8268,129.675
3.15,12.3,1.016,39.6,40.8268,129.415
4,12.3,1.016,39.6,40.8268,128.265
5,12.3,1.016,39.6,40.8268,122.205
6.3,12.3,1.016,39.6,40.8268,121.315
8,12.3,1.016,39.6,40.8268,122.315
10,12.3,1.016,39.6,40.8268,122.435
12.5,12.3,1.016,39.6,40.8268,121.165
16,12.3,1.016,39.6,40.8268,117.875
20,12.3,1.016,39.6,40.8268,114.085
25,12.3,1.016,39.6,40.8268,113.315
31.5,12.3,1.016,39.6,40.8268,113.055
40,12.3,1.016,39.6,40.8268,110.905
50,12.3,1.016,39.6,40.8268,108.625
63,12.3,1.016,39.6,40.8268,107.985
2,12.3,1.016,31.7,41.8756,124.987
2.5,12.3,1.016,31.7,41.8756,125.857
3.15,12.3,1.016,31.7,41.8756,124.717
4,12.3,1.016,31.7,41.8756,123.207
5,12.3,1.016,31.7,41.8756,118.667
6.3,12.3,1.016,31.7,41.8756,119.287
8,12.3,1.016,31.7,41.8756,120.037
10,12.3,1.016,31.7,41.8756,119.777
12.5,12.3,1.016,31.7,41.8756,118.767
16,12.3,1.016,31.7,41.8756,114.477
20,12.3,1.016,31.7,41.8756,110.447
25,12.3,1.016,31.7,41.8756,110.317
31.5,12.3,1.016,31.7,41.8756,110.307
40,12.3,1.016,31.7,41.8756,108.407
50,12.3,1.016,31.7,41.8756,107.147
63,12.3,1.016,31.7,41.8756,107.267
2,15.6,1.016,71.3,43.7259,130.898
2.5,15.6,1.016,71.3,43.7259,132.158
3.15,15.6,1.016,71.3,43.7259,133.808
4,15.6,1.016,71.3,43.7259,134.058
5,15.6,1.016,71.3,43.7259,130.638
6.3,15.6,1.016,71.3,43.7259,122.288
8,15.6,1.016,71.3,43.7259,124.188
10,15.6,1.016,71.3,43.7259,124.438
12.5,15.6,1.016,71.3,43.7259,123.178
16,15.6,1.016,71.3,43.7259,121.528
20,15.6,1.016,71.3,43.7259,119.888
25,15.6,1.016,71.3,43.7259,118.998
31.5,15.6,1.016,71.3,43.7259,116.468
40,15.6,1.016,71.3,43.7259,113.298
2,15.6,1.016,39.6,52.8487,123.514
2.5,15.6,1.016,39.6,52.8487,124.644
3.15,15.6,1.016,39.6,52.8487,122.754
4,15.6,1.016,39.6,52.8487,120.484
5,15.6,1.016,39.6,52.8487,115.304
6.3,15.6,1.016,39.6,52.8487,118.084
8,15.6,1.016,39.6,52.8487,118.964
10,15.6,1.016,39.6,52.8487,119.224
12.5,15.6,1.016,39.6,52.8487,118.214
16,15.6,1.016,39.6,52.8487,114.554
20,15.6,1.016,39.6,52.8487,110.894
25,15.6,1.016,39.6,52.8487,110.264
31.5,15.6,1.016,39.6,52.8487,109.254
40,15.6,1.016,39.6,52.8487,106.604
50,15.6,1.016,39.6,52.8487,106.224
63,15.6,1.016,39.6,52.8487,104.204
